# Host: 112.74.111.200  (Version: 5.5.28)
# Date: 2015-06-25 00:10:00
# Generator: MySQL-Front 5.3  (Build 4.198)

/*!40101 SET NAMES utf8 */;

#
# Structure for table "t_admin"
#

CREATE TABLE `t_admin` (
  `Id` int(11) NOT NULL AUTO_INCREMENT,
  `adminName` varchar(30) DEFAULT '' COMMENT '管理员名字',
  `password` varchar(25) DEFAULT '' COMMENT '密码',
  PRIMARY KEY (`Id`)
) ENGINE=InnoDB AUTO_INCREMENT=2 DEFAULT CHARSET=utf8 COMMENT='管理员';

#
# Data for table "t_admin"
#

INSERT INTO `t_admin` VALUES (1,'youyixi','123456');

#
# Structure for table "t_areamanager"
#

CREATE TABLE `t_areamanager` (
  `Id` int(11) NOT NULL AUTO_INCREMENT,
  `province` varchar(20) DEFAULT '' COMMENT '省份',
  `city` varchar(30) DEFAULT '' COMMENT '城市',
  `managerName` varchar(50) DEFAULT '' COMMENT '负责人姓名',
  `managerPhone` varchar(12) DEFAULT '' COMMENT '负责人电话号码',
  PRIMARY KEY (`Id`)
) ENGINE=InnoDB AUTO_INCREMENT=4 DEFAULT CHARSET=utf8 COMMENT='区域负责人';

#
# Data for table "t_areamanager"
#

INSERT INTO `t_areamanager` VALUES (1,'广东','深圳','黎剑波','13928433433'),(2,'广东','广州','黎兴济','18825111065'),(3,'广东','深圳','梁文森','18826111066');

#
# Structure for table "t_money"
#

CREATE TABLE `t_money` (
  `id` int(11) NOT NULL AUTO_INCREMENT COMMENT 'id??????',
  `money` float NOT NULL COMMENT '֧??????',
  `inoutmoney` float DEFAULT '0' COMMENT '内外洗服务费用',
  PRIMARY KEY (`id`)
) ENGINE=InnoDB AUTO_INCREMENT=2 DEFAULT CHARSET=utf8;

#
# Data for table "t_money"
#

INSERT INTO `t_money` VALUES (1,0.01,0.01);

#
# Structure for table "t_order"
#

CREATE TABLE `t_order` (
  `id` varchar(20) NOT NULL COMMENT '????id',
  `address` varchar(50) DEFAULT NULL COMMENT '??????ַ',
  `carNumber` varchar(12) DEFAULT NULL COMMENT '???ƺ???',
  `orderTime` varchar(50) DEFAULT NULL COMMENT '?µ?ʱ??',
  `phoneNumber` varchar(12) DEFAULT NULL COMMENT '?ֻ?????',
  `serveTime` varchar(50) DEFAULT NULL COMMENT '????ʱ??',
  `userName` varchar(30) DEFAULT NULL COMMENT '?û???',
  `orderState` int(2) DEFAULT '0' COMMENT '0:??֧????1:??֧????2:??ȡ??',
  `brand` varchar(30) DEFAULT NULL COMMENT 'Ʒ?Ƴ???',
  `remark` varchar(50) DEFAULT NULL COMMENT '??ע',
  `money` float DEFAULT '0' COMMENT '????',
  `managerId` int(11) DEFAULT '0' COMMENT '负责人电话',
  `type` int(11) NOT NULL DEFAULT '1' COMMENT '服务类型',
  `declareded` varchar(255) DEFAULT '免责' COMMENT '服务声明',
  PRIMARY KEY (`id`)
) ENGINE=InnoDB DEFAULT CHARSET=utf8;

#
# Data for table "t_order"
#

INSERT INTO `t_order` VALUES ('MSN1428340814296','龙华新区钱塘江海岸','粤a64645','2015-04-07 01:20:14','18825111065','5 月4 日13:00 - 14:00','lixinfji',0,'6767678','s',99.99,0,1,NULL),('MSN1428341383639','龙岗区中心湖公园','粤a46464','2015-04-07 01:29:43','18825111065','6 月6 日16:00 - 17:00','lixingjk',2,'nnn','T',99.99,0,1,NULL),('MSN1428390557918','龙岗区中心湖公园','粤a46464','2015-04-07 15:09:17','18825111065','6 月8 日16:00 - 17:00','lixingjk',0,'nnn','T',0.01,0,1,NULL),('MSN1428407739102','罗湖区罗湖图书馆','粤A25554','2015-04-07 19:55:39','18825111065','5 月6 日14:00 - 15:00','555',0,'55','888',0.01,0,1,NULL),('MSN1428408807377','龙岗区中心湖公园','undefined','2015-04-07 20:13:27','18825111065','4 月13 日16:00 - 17:00','lll',2,NULL,'kkk',0.01,0,1,NULL),('MSN1428408898895','福田区拿破仑桥岸','沪s55555','2015-04-07 20:14:58','18825111065','5 月7 日12:00 - 13:00','00998',0,'jj','hhj',0.01,0,1,NULL),('MSN1428486426875','龙岗区中心湖公园','粤A22222','2015-04-08 17:47:06','18825111065','6 月5 日12:00 - 13:00','lidgj',0,'25786','hb',0.01,0,1,NULL),('MSN1428499019751','龙岗区中心湖公园','粤A11122','2015-04-08 21:16:59','18825111065','5 月5 日12:00 - 13:00','55',0,'55','88',0.01,0,1,NULL),('MSN1428501871484','南山区深大花穗园','粤A11111','2015-04-08 22:04:31','18825111065','6 月5 日13:00 - 14:00','广',0,'444','cc',0.01,0,1,NULL),('MSN1428502726035','龙岗区中心湖公园','粤A25874','2015-04-08 22:18:46','18825111065','5 月5 日12:00 - 13:00','hhfy',0,'555','cg',0.01,0,1,NULL),('MSN1428505015396','龙岗区中心湖公园','粤a64649','2015-04-08 22:56:55','18825111065','5 月5 日12:00 - 13:00','ffk',0,'444444','fff',0.01,0,1,NULL),('MSN1428548712298','龙岗区中心湖公园','粤A34648','2015-04-09 11:05:12','18825111065','6 月5 日12:00 - 13:00','jx',0,'4444','s',0.01,0,1,NULL),('MSN1428667031667','南山区深大花穗园','粤a64646','2015-04-10 19:57:11','18825109567','6 月4 日13:00 - 14:00','hxbx',0,'4444','xd',0.01,0,1,NULL),('MSN1428672477616','龙岗区中心湖公园','粤a64646','2015-04-10 21:27:57','18825111065','6 月5 日12:00 - 13:00','一',0,'444','d',0.01,0,1,NULL),('MSN1428673226539','南山区深大花穗园','粤q64646','2015-04-10 21:40:26','18825109567','5 月4 日13:00 - 14:00','jd',0,'445','jx',0.01,0,1,NULL),('MSN1428719017034','龙岗区中心湖公园','粤a52842','2015-04-11 10:23:37','18825111065','5 月4 日11:00 - 12:00','gj',0,'56341384','h',0.01,0,1,NULL),('MSN1428806694598','龙华新区钱塘江海岸','粤BAaaaa','2015-04-12 10:44:54','13928433433','10 月16 日10:00 - 11:00','晨晨晨',0,'夏利','试试',0.01,0,1,NULL),('MSN1428844054384','龙华新区钱塘江海岸','粤b1j890','2015-04-12 21:07:34','13590206721','4 月12 日13:00 - 14:00','曾',1,'公爵','',0.01,0,1,NULL),('MSN1428844360984','龙岗区中心湖公园','京q395f6','2015-04-12 21:12:40','18682444631','4 月12 日17:00 - 18:00','刘',0,'福特 锐界','',0.01,0,1,NULL),('MSN1428844454439','龙华新区钱塘江海岸','粤b1j890','2015-04-12 21:14:14','13590206721','4 月12 日13:00 - 14:00','曾',0,'公爵','',0.01,0,1,NULL),('MSN1428855165805','新塘花园','粤a64646','2015-04-13 00:12:45','18825111065','5 月5 日12:00 - 13:00','lixingji',0,'55588','d',0.02,0,1,NULL),('MSN1428855407358','福田区拿破仑桥岸','粤a23554','2015-04-13 00:16:47','18825111065','6 月5 日11:00 - 12:00','fk',0,'15563571','v',0.02,0,1,NULL),('MSN1428855440171','新塘花园','粤A25845','2015-04-13 00:17:20','18825111065','5 月4 日12:00 - 13:00','gh',0,'255','gcx',0.02,0,1,NULL),('MSN1428855577331','新塘花园','粤a23541','2015-04-13 00:19:37','18825111065','5 月4 日14:00 - 15:00','v',0,'55634','g',0.02,0,1,NULL),('MSN1428927768745','新塘花园','粤a15545','2015-04-13 20:22:48','18825111065','4 月13 日13:00 - 14:00','luff',1,'2541365542','ff',0.01,0,1,NULL),('MSN1428975992037','新塘花园','粤a55555','2015-04-14 09:46:32','18825111065','4 月14 日12:00 - 13:00','d',1,'55','g',0.01,0,1,NULL),('MSN1429077060083','南山区深大花穗园','粤b4720z','2015-04-15 13:51:00','13510442953','4 月15 日14:00 - 15:00','章懿哲',0,'福克斯','么了',0.01,1,1,NULL),('MSN1429111563573','南山区深大花穗园','粤AF1234','2015-04-15 23:26:03','13928433433','4 月16 日21:00 - 22:00','ddd',1,'夏利','ccc',0.01,0,1,NULL),('MSN1429633236973','罗湖区罗湖图书馆4','undefined','2015-04-22 00:20:36','18825111065','4 月22 日14:00 - 15:00','4',0,NULL,'3',0.01,1,1,NULL),('MSN1429636900835','福田区拿破仑桥岸233','粤A12333','2015-04-22 01:21:40','18825111065','4 月22 日14:00 - 15:00','323',0,'33','2',0.01,1,1,NULL),('MSN1429637077261','高教村bd','粤A55456','2015-04-22 01:24:37','18825111065','4 月22 日10:00 - 11:00','ti',0,'554','because',0.01,3,1,NULL),('MSN1429637907626','龙岗区中心湖公园Vincent','粤A45548','2015-04-22 01:38:27','18825111065','4 月22 日10:00 - 11:00','good',0,'55331','u',0.01,1,1,NULL),('MSN1429672388554','高教村洗澡','粤A46494','2015-04-22 11:13:08','18825111065','4 月22 日12:00 - 13:00','拜拜',0,'55558','XP',0.01,3,1,NULL),('MSN1429673288027','高教村jx','粤A94997','2015-04-22 11:28:08','18825111065','4 月22 日12:00 - 13:00','c',0,'777777','',0.01,3,1,NULL),('MSN1429682303948','福田区拿破仑桥岸us','粤A64649','2015-04-22 13:58:23','18825111065','4 月22 日14:00 - 15:00','c',0,'7782','C',0.01,1,1,NULL),('MSN1429683077716','龙岗区中心湖公园fh','粤A55524','2015-04-22 14:11:17','18825111065','4 月22 日15:00 - 16:00','vc',0,'557','',0.01,1,1,NULL),('MSN1429683139842','龙岗区中心湖公园VB','粤A58438','2015-04-22 14:12:19','18825111065','4 月22 日15:00 - 16:00','gv',0,'53422','G',0.01,1,1,NULL),('MSN1429684194537','龙华新区钱塘江海岸G','粤A55524','2015-04-22 14:29:54','18825111065','4 月22 日15:00 - 16:00','G',2,'244','',0.01,1,1,NULL),('MSN1429684268742','龙岗区中心湖公园fh','粤A56843','2015-04-22 14:31:08','18825111065','4 月22 日18:00 - 19:00','hcg',0,'255685','hello',0.01,1,1,NULL),('MSN1429684391777','罗湖区罗湖图书馆ug','粤A55324','2015-04-22 14:33:11','18825111065','4 月22 日15:00 - 16:00','HR',0,'55318','',0.01,1,1,NULL),('MSN1429685403066','龙岗区中心湖公园DV','粤A55742','2015-04-22 14:50:03','18825111065','4 月22 日15:00 - 16:00','VB',0,'24','',0.01,1,1,NULL),('MSN1429692183033','高教村jx','粤A56767','2015-04-22 16:43:03','18825111065','4 月22 日17:00 - 18:00','vn',0,'544','VB',0.01,3,1,NULL),('MSN1429694583866','高教村mxm','粤A64676','2015-04-22 17:23:03','18825111065','4 月22 日18:00 - 19:00','C',0,'48777','',0.01,3,1,NULL),('MSN1429699467039','罗湖区罗湖图书馆停车场','粤b12345','2015-04-22 18:44:27','13808800087','4 月22 日19:00 - 20:00','曾',1,'宝马','',0.01,1,1,NULL),('MSN1429699543556','罗湖区罗湖图书馆停车场','粤b12345','2015-04-22 18:45:43','13808800087','4 月22 日19:00 - 20:00','曾',0,'宝马','',0.01,0,1,NULL),('MSN1429699649387','罗湖区罗湖图书馆停车场','粤b12345','2015-04-22 18:47:29','13808800087','4 月22 日19:00 - 20:00','曾',0,'宝马','',0.01,0,1,NULL),('MSN1429701919172','龙岗区中心湖公园bx','粤A25545','2015-04-22 19:25:19','18825111065','4 月22 日20:00 - 21:00','F',0,'25','',0.01,1,1,NULL),('MSN1429704131033','新塘花园nnx','粤A64464','2015-04-22 20:02:11','18825111065','4 月22 日21:00 - 22:00','jx',0,'44','',0.01,2,1,NULL),('MSN1429704181362','新塘花园n','粤A64646','2015-04-22 20:03:01','18825111065','4 月22 日21:00 - 22:00','j',0,'444','',0.01,2,1,NULL),('MSN1429708746014','高教村-e','粤AY2544','2015-04-22 21:19:06','18825111065','4 月22 日22:00 - 23:00','hd',1,'2','zz',0.01,3,1,NULL),('MSN1429709706378','福田区拿破仑桥岸-你','undefined','2015-04-22 21:35:06','18825111065','4 月22 日22:00 - 23:00','你的',0,NULL,'吃',0.01,1,1,NULL),('MSN1429710960517','高教村-e','粤AY2544','2015-04-22 21:56:00','18825111065','4 月22 日22:00 - 23:00','hd',0,'2','吃饭',0.01,0,1,NULL),('MSN1429711041176','高教村-e','粤AY2544','2015-04-22 21:57:21','18825111065','4 月22 日22:00 - 23:00','hd',0,'2','啦',0.01,0,1,NULL),('MSN1429711119396','高教村-e','粤AY2544','2015-04-22 21:58:39','18825111065','4 月22 日22:00 - 23:00','hd',0,'2','',0.01,0,1,NULL),('MSN1429711184304','高教村-v哈','粤A28425','2015-04-22 21:59:44','18825111065','4 月22 日22:00 - 23:00','个饭',0,'23311','',0.01,3,1,NULL),('MSN1429712231591','高教村-xx','粤A6494A','2015-04-22 22:17:11','18825111065','4 月22 日23:00 - 24:00','c',0,'j#','',0.01,3,1,NULL),('MSN1429712261482','高教村-xx','粤A6494A','2015-04-22 22:17:41','18825111065','4 月22 日23:00 - 24:00','c',0,'j#','',0.01,0,1,NULL),('MSN1429712291233','高教村-xx','粤A6494A','2015-04-22 22:18:11','18825111065','4 月22 日23:00 - 24:00','c',0,'j#','',0.01,0,1,NULL),('MSN1429712431924','高教村-JSP','粤A94949','2015-04-22 22:20:31','18825111065','4 月22 日23:00 - 24:00','dd',0,'478646','',0.01,3,1,NULL),('MSN1429714911373','高教村-JSP','粤A94949','2015-04-22 23:01:51','18825111065','4 月22 日','dd',0,'478646','',0.01,0,1,NULL),('MSN1429717957969','龙岗区中心湖公园-电脑','粤A64664','2015-04-22 23:52:37','18825111065','4 月22 日','吃',0,'58','',0.01,1,1,NULL),('MSN1429718015877','高教村-JSP','粤A94949','2015-04-22 23:53:35','18825111065','4 月22 日','dd',0,'478646','',0.01,0,1,NULL),('MSN1429763715627','高教村-就','粤A94949','2015-04-23 12:35:15','18825111065','4 月23 日13:00 - 14:00','的',0,'44','',0.01,3,1,NULL),('MSN1429763817457','高教村-就','粤A94949','2015-04-23 12:36:57','18825111065','4 月23 日13:00 - 14:00','的',0,'44','',0.01,0,1,NULL),('MSN1430028693559','罗湖区罗湖图书馆-ghjjj','粤PFPJJJ','2015-04-26 14:11:33','15521295257','4 月26 日21:00 - 22:00','hjjbh',0,'jjjk','hhjk',0.01,1,1,NULL),('MSN1430029025900','龙岗区中心湖公园-fff','粤A12345','2015-04-26 14:17:05','13928433433','4 月26 日18:00 - 19:00','曾超吃',1,'夏利','饭后健康',0.01,1,1,NULL),('MSN1430029108246','龙岗区中心湖公园-fff','粤A12345','2015-04-26 14:18:28','13928433433','4 月26 日15:00 - 16:00','曾超吃s',0,'夏利','',0.01,1,1,NULL),('MSN1430142149801','龙岗区中心湖公园-gx','粤RE25DF','2015-04-27 21:42:29','18825111065','4 月27 日22:00 - 23:00','C',0,'r','',0.01,1,1,NULL),('MSN1430143052179','福田区拿破仑桥岸-hs','粤D6466D','2015-04-27 21:57:32','18825111065','4 月27 日22:00 - 23:00','c',0,'f','',0.01,1,1,NULL),('MSN1430144639856','高教村-nx','粤D54664','2015-04-27 22:23:59','18825111065','4 月27 日23:00 - 24:00','xu/',0,'7','',0.01,3,1,NULL),('MSN1430145122773','高教村-3','粤A45556','2015-04-27 22:32:02','18825111065','4 月27 日23:00 - 24:00','e',0,'988','',0.01,3,1,NULL),('MSN1430146368712','高教村-cc','粤DGF554','2015-04-27 22:52:48','18825111065','4 月27 日23:00 - 24:00','g',0,'55','',0.01,3,1,NULL),('MSN1430147820356','高教村-测试','粤D55426','2015-04-27 23:17:00','18825111065','4 月27 日','放',0,'54','',0.01,3,1,NULL),('MSN1430148536449','高教村-e','粤Y64949','2015-04-27 23:28:56','18825111065','4 月27 日','c',0,'8','',0.01,3,1,NULL),('MSN1430149307386','福田区拿破仑桥岸-kxm','粤J64699','2015-04-27 23:41:47','18825111065','4 月27 日10:00 - 11:00','x',0,'7','',0.01,1,1,NULL),('MSN1430150381191','龙华新区钱塘江海岸-gx','粤R26544','2015-04-27 23:59:41','18825111065','4 月27 日10:00 - 11:00','t',0,'25','',0.01,1,1,NULL),('MSN1430151052864','罗湖区罗湖图书馆-刚刚过','粤B 131 F C','2015-04-28 00:10:52','13928433433','4 月28 日11:00 - 12:00','成',0,'夏利','',0.01,1,2,NULL),('MSN1430183941480','罗湖区罗湖图书馆-兵兵b','粤B F 1678','2015-04-28 09:19:01','13928433433','4 月28 日11:00 - 12:00','存储',1,'夏利','',0.01,1,1,NULL),('MSN1430183993122','龙岗区中心湖公园-fff','粤A12345','2015-04-28 09:19:53','13928433433','4 月28 日15:00 - 16:00','曾超吃s',1,'夏利','',0.01,0,1,NULL),('MSN1430189487498','高教村-2号','粤B1J890','2015-04-28 10:51:27','13590206721','4 月28 日11:00 - 12:00','曾',1,'12','',0.01,3,2,NULL),('MSN1430192505489','罗湖区罗湖图书馆-楼下','粤A B 121 V','2015-04-28 11:41:45','13928433433','4 月28 日15:00 - 16:00','何厚铧',1,'夏利','',0.01,1,1,NULL),('MSN1430203995965','罗湖区罗湖图书馆停车场-1','粤b12345','2015-04-28 14:53:15','13808800087','4 月28 日16:00 - 17:00','曾',1,'宝马','',0.01,0,1,NULL),('MSN1430229830848','新塘花园-bxb','粤A54676','2015-04-28 22:03:50','18825111065','4 月28 日23:00 - 24:00','x',1,'44','',0.01,2,1,NULL),('MSN1430401829115','罗湖区罗湖图书馆-皇岗','粤BF121G','2015-04-30 21:50:29','13928433433','4 月30 日23:00 - 24:00','狗哥',1,'夏利','锦宏',0.01,1,1,NULL),('MSN1432448880057','龙岗区中心湖公园-1','粤B12345','2015-05-24 14:28:00','13590206721','5 月24 日16:00 - 17:00','小明',1,'5','',0.01,1,1,NULL),('MSN1432448941667','龙岗区中心湖公园-1','粤B12345','2015-05-24 14:29:01','13590206721','5 月24 日18:00 - 19:00','小明',1,'5','',0.01,0,1,NULL),('MSN1432822283661','龙岗区中心湖公园-call','粤A88888','2015-05-28 22:11:23','13560193854','5 月28 日23:00 - 24:00','健健康康',0,'宝马','',0.01,1,2,NULL);

#
# Structure for table "t_serveaddress"
#

CREATE TABLE `t_serveaddress` (
  `Id` int(11) NOT NULL AUTO_INCREMENT,
  `serveAddress` varchar(200) DEFAULT NULL COMMENT '服务地址',
  `managerId` int(11) DEFAULT '0' COMMENT '区域负责人ID',
  PRIMARY KEY (`Id`)
) ENGINE=InnoDB AUTO_INCREMENT=16 DEFAULT CHARSET=utf8;

#
# Data for table "t_serveaddress"
#

INSERT INTO `t_serveaddress` VALUES (1,'新塘花园',2),(2,'龙华新区钱塘江海岸',1),(3,'罗湖区罗湖图书馆',1),(5,'龙岗区中心湖公园',1),(6,'福田区拿破仑桥岸',1),(15,'高教村',3);
